<?xml version="1.0" encoding="UTF-8"?><rss version="2.0"
	xmlns:content="http://purl.org/rss/1.0/modules/content/"
	xmlns:dc="http://purl.org/dc/elements/1.1/"
	xmlns:atom="http://www.w3.org/2005/Atom"
	xmlns:sy="http://purl.org/rss/1.0/modules/syndication/"
	
	>
<channel>
	<title>
	Comments on: Home	</title>
	<atom:link href="https://hexabenja.github.io/home/feed/" rel="self" type="application/rss+xml" />
	<link>https://hexabenja.github.io</link>
	<description>Just another WordPress site</description>
	<lastBuildDate>Tue, 15 Nov 2022 19:24:39 +0000</lastBuildDate>
	<sy:updatePeriod>
	hourly	</sy:updatePeriod>
	<sy:updateFrequency>
	1	</sy:updateFrequency>
	<generator>https://wordpress.org/?v=6.1</generator>
</channel>
</rss>
