<?xml version="1.0" encoding="UTF-8"?><rss version="2.0"
	xmlns:content="http://purl.org/rss/1.0/modules/content/"
	xmlns:wfw="http://wellformedweb.org/CommentAPI/"
	xmlns:dc="http://purl.org/dc/elements/1.1/"
	xmlns:atom="http://www.w3.org/2005/Atom"
	xmlns:sy="http://purl.org/rss/1.0/modules/syndication/"
	xmlns:slash="http://purl.org/rss/1.0/modules/slash/"
	>

<channel>
	<title>Uncategorized &#8211; BENJAMIN IGNACIO</title>
	<atom:link href="https://hexabenja.github.io/category/uncategorized/feed/" rel="self" type="application/rss+xml" />
	<link>https://hexabenja.github.io</link>
	<description>Servicios Web</description>
	<lastBuildDate>Sun, 16 Oct 2022 18:46:21 +0000</lastBuildDate>
	<language>en-US</language>
	<sy:updatePeriod>
	hourly	</sy:updatePeriod>
	<sy:updateFrequency>
	1	</sy:updateFrequency>
	<generator>https://wordpress.org/?v=6.1</generator>
	<item>
		<title>Hello world!</title>
		<link>https://hexabenja.github.io/2022/10/16/hello-world/</link>
					<comments>https://hexabenja.github.io/2022/10/16/hello-world/#comments</comments>
		
		<dc:creator><![CDATA[benjamin]]></dc:creator>
		<pubDate>Sun, 16 Oct 2022 18:46:21 +0000</pubDate>
				<category><![CDATA[Uncategorized]]></category>
		<guid isPermaLink="false">http:/?p=1</guid>

					<description><![CDATA[Welcome to WordPress. This is your first post. Edit or delete it, then start writing!]]></description>
										<content:encoded><![CDATA[
<p>Welcome to WordPress. This is your first post. Edit or delete it, then start writing!</p>
]]></content:encoded>
					
					<wfw:commentRss>https://hexabenja.github.io/2022/10/16/hello-world/feed/</wfw:commentRss>
			<slash:comments>1</slash:comments>
		
		
			</item>
	</channel>
</rss>
